ean,title,price
4000000000013,Schokolade Vollmilch,1.99
4000000000020,Schokolade Zartbitter,2.19
4000000000037,Milch 1L,1.09
4000000000044,Hafermilch 1L,1.59
4000000000051,Butter 250g,2.49
4000000000068,Joghurt Natur,0.69
4000000000075,Joghurt Erdbeere,0.79
4000000000082,Käse Gouda,2.99
4000000000099,Frischkäse,1.89
4000000000105,Mozzarella,1.29
4000000000112,Brot Vollkorn,2.49
4000000000129,Toastbrot,1.49
4000000000136,Brötchen 6er,1.99
4000000000143,Croissant,1.29
4000000000150,Müsli,3.49
4000000000167,Cornflakes,2.79
4000000000174,Haferflocken,1.19
4000000000181,Kaffee gemahlen,5.99
4000000000198,Kaffee Bohnen,8.49
4000000000204,Schwarztee,2.49
4000000000211,Grüntee,2.99
4000000000228,Mineralwasser 1.5L,0.59
4000000000235,Orangensaft,2.19
4000000000242,Apfelsaft,1.89
4000000000259,Cola 1.5L,1.49
4000000000266,Zitronenlimonade,1.29
4000000000273,Apfel,1.99
4000000000280,Banane,1.69
4000000000297,Orange,2.29
4000000000303,Zitrone,0.59
4000000000310,Erdbeeren,2.99
4000000000327,Trauben,2.49
4000000000334,Tomaten,2.19
4000000000341,Gurke,0.89
4000000000358,Paprika rot,2.49
4000000000365,Kartoffeln 2kg,2.99
4000000000372,Zwiebeln 1kg,1.49
4000000000389,Karotten 1kg,1.29
4000000000396,Reis 1kg,1.99
4000000000402,Nudeln Spaghetti,1.29
4000000000419,Nudeln Penne,1.39
4000000000426,Tomatensauce,1.19
4000000000433,Pesto Basilikum,2.49
4000000000440,Olivenöl 500ml,5.49
4000000000457,Sonnenblumenöl 1L,2.19
4000000000464,Essig,1.29
4000000000471,Salz,0.49
4000000000488,Pfeffer,1.99
4000000000495,Zucker 1kg,1.09
4000000000501,Mehl 1kg,0.89
4000000000518,Honig,4.49
4000000000525,Marmelade Erdbeere,2.39
4000000000532,Erdnussbutter,2.79
4000000000549,Nutella,4.49
4000000000556,Chips Paprika,1.79
4000000000563,Salzstangen,1.29
4000000000570,Popcorn,1.49
4000000000587,Kekse Butter,1.99
4000000000594,Waffeln,2.29
4000000000600,Gummibärchen,1.59
4000000000617,Pizza Margherita,2.99
4000000000624,Pizza Salami,3.49
4000000000631,Pommes 1kg,2.49
4000000000648,Fischstäbchen,3.29
4000000000655,Chicken Nuggets,4.49
4000000000662,Erbsen TK,1.49
4000000000679,Spinat TK,1.29
4000000000686,Eis Vanille,2.99
4000000000693,Eis Schokolade,3.49
4000000000709,Mineralwasser still,0.49
4000000000716,Mineralwasser medium,0.49
4000000000723,Eistee Pfirsich,1.39
4000000000730,Orangensaft Direktsaft,2.99
4000000000747,Energy Drink,1.19
4000000000754,Kakao,2.49
4000000000761,Backpulver,0.69
4000000000778,Vanillezucker,0.59
4000000000785,Hefe,0.49
4000000000792,Eier 10er,2.79
4000000000808,Schinken,2.99
4000000000815,Salami,3.49
4000000000822,Würstchen,2.59
4000000000839,Hähnchenbrust,5.99
4000000000846,Hackfleisch,4.99
4000000000853,Thunfisch Dose,1.79
4000000000860,Mais Dose,0.99
4000000000877,Kidneybohnen Dose,1.09
4000000000884,Kichererbsen Dose,1.19
4000000000891,Ketchup,1.79
4000000000907,Mayonnaise,1.99
4000000000914,Senf,1.29
4000000000921,Sojasauce,2.19
4000000000938,Balsamico,2.49
4000000000945,Spülmittel,1.79
4000000000952,Waschmittel,6.99
4000000000969,Küchenrolle,2.49
4000000000976,Toilettenpapier 8er,4.99
4000000000983,Zahnpasta,1.99
4000000000990,Shampoo,2.49
4000000001003,Duschgel,1.79
